user_id,session_id,login_frequency,session_duration,ip_changes,pages_visited,failed_attempts,new_device,odd_hours,data_accessed_mb,risk_level,trust_score
U082,S0000,7,33.22,2,22,7,0,1,74.06,Medium,50
U015,S0001,15,77.64,3,33,8,0,0,492.33,High,20
U004,S0002,11,49.64,4,36,9,1,1,104.63,High,20
U095,S0003,8,4.02,2,45,9,0,0,65.26,Low,85
U036,S0004,7,19.58,4,23,4,0,1,101.85,Medium,50
U032,S0005,19,86.2,4,45,6,1,0,384.55,High,20
U029,S0006,11,79.41,0,45,9,0,1,212.81,Medium,50
U018,S0007,11,4.22,2,34,3,0,1,282.75,Low,85
U095,S0008,4,27.41,2,9,0,1,0,10.6,Low,85
U014,S0009,8,28.5,4,24,2,1,1,17.31,Medium,50
U087,S0010,3,80.96,3,8,4,0,0,222.97,Low,85
U095,S0011,2,3.35,0,7,2,1,0,408.35,Medium,50
U070,S0012,12,13.39,4,36,6,0,0,442.63,High,20
U012,S0013,6,96.19,1,18,8,0,0,43.44,Low,85
U076,S0014,2,22.25,1,3,5,0,0,269.23,Low,85
U055,S0015,1,78.68,0,28,9,1,1,456.62,High,20
U005,S0016,12,29.34,3,6,0,1,1,194.05,Medium,50
U004,S0017,12,12.83,4,44,6,0,1,414.8,High,20
U012,S0018,17,29.94,2,44,2,0,0,66.93,Low,85
U028,S0019,10,86.95,0,21,4,1,1,467.7,Medium,50
U030,S0020,16,102.83,3,28,9,1,1,375.74,High,20
U065,S0021,15,99.8,2,40,3,1,1,470.67,Medium,50
U078,S0022,15,48.26,1,1,9,0,1,338.34,Medium,50
U004,S0023,19,80.5,1,36,4,1,1,181.77,Medium,50
U072,S0024,12,25.39,2,21,4,1,0,469.1,Medium,50
U026,S0025,3,35.88,0,43,5,0,0,137.86,Low,85
U092,S0026,5,107.66,1,35,9,0,1,166.15,Medium,50
U084,S0027,19,2.55,4,13,9,0,0,350.43,High,20
U090,S0028,7,11.18,2,49,5,1,0,382.68,Low,85
U070,S0029,9,25.74,2,10,7,0,1,464.71,High,20
U054,S0030,7,4.16,1,44,7,0,1,102.48,Medium,50
U029,S0031,18,22.59,0,47,8,0,0,399.02,Medium,50
U058,S0032,4,70.38,4,10,7,0,1,369.3,High,20
U076,S0033,14,51.15,0,46,1,1,0,31.99,Low,85
U036,S0034,18,107.23,3,13,9,0,0,193.67,High,20
U001,S0035,9,98.28,3,37,0,1,1,141.45,Medium,50
U098,S0036,2,41.68,1,38,9,1,0,152.31,Medium,50
U021,S0037,15,31.87,1,24,1,1,0,491.48,Medium,50
U090,S0038,7,46.18,1,2,1,0,0,321.42,Low,85
U055,S0039,12,71.25,3,22,2,1,1,358.87,Medium,50
U044,S0040,8,32.9,0,17,9,0,1,488.31,High,20
U036,S0041,15,75.27,0,36,6,0,1,188.66,Medium,50
U020,S0042,3,49.72,1,14,1,0,1,400.94,Medium,50
U028,S0043,14,66.69,4,10,0,1,0,217.32,Medium,50
U098,S0044,17,52.9,0,35,5,0,1,434.78,Medium,50
U044,S0045,4,36.04,3,25,8,0,1,90.41,High,20
U014,S0046,18,113.87,2,3,2,0,1,473.85,Medium,50
U012,S0047,8,91.87,2,47,5,1,1,109.46,Low,85
U049,S0048,4,17.67,2,38,2,1,0,163.18,Low,85
U013,S0049,2,104.35,4,17,0,1,0,378.12,Medium,50
U046,S0050,6,59.0,1,12,4,0,0,196.94,Low,85
U045,S0051,10,107.45,3,24,9,1,1,304.14,High,20
U078,S0052,4,96.18,4,29,3,0,1,222.34,Medium,50
U034,S0053,18,51.6,3,43,6,0,0,371.21,High,20
U006,S0054,12,3.67,3,25,5,1,1,114.24,Medium,50
U094,S0055,2,32.97,1,36,9,0,1,29.32,Medium,50
U059,S0056,10,65.45,2,26,6,1,0,150.03,Medium,50
U069,S0057,4,76.38,1,38,4,0,0,237.21,Low,85
U016,S0058,14,31.69,4,1,3,1,1,84.09,Medium,50
U049,S0059,16,17.58,4,20,6,0,1,177.46,High,20
U011,S0060,15,100.36,4,28,6,0,1,200.05,High,20
U071,S0061,8,118.14,1,16,5,0,0,28.79,Low,85
U038,S0062,14,63.56,3,47,7,0,0,291.7,Medium,50
U081,S0063,8,21.43,3,17,3,0,0,442.18,Medium,50
U080,S0064,16,33.4,0,40,9,1,0,75.96,Medium,50
U047,S0065,13,3.19,4,28,4,0,1,298.94,Medium,50
U074,S0066,18,109.8,3,12,3,1,0,332.4,Medium,50
U025,S0067,15,15.01,0,27,0,1,0,209.73,Low,85
U091,S0068,13,69.61,3,42,7,1,1,350.58,High,20
U009,S0069,9,33.61,4,47,0,0,1,205.42,Medium,50
U006,S0070,15,66.95,2,30,4,0,1,252.37,Low,85
U085,S0071,13,78.52,4,41,5,0,0,3.78,Low,85
U030,S0072,1,99.74,1,34,5,1,1,345.89,Low,85
U099,S0073,7,25.56,3,37,4,0,1,330.71,Medium,50
U038,S0074,9,2.31,3,6,2,0,0,19.3,Low,85
U011,S0075,1,17.29,1,7,4,1,0,184.19,Low,85
U030,S0076,12,108.1,1,32,7,1,1,489.52,High,20
U013,S0077,8,104.99,2,32,1,1,0,210.43,Low,85
U049,S0078,11,72.09,3,25,5,1,1,251.02,Medium,50
U036,S0079,19,72.46,3,33,8,1,1,454.97,High,20
U059,S0080,17,80.14,2,7,7,1,0,358.66,Medium,50
U082,S0081,8,21.87,0,12,7,0,1,291.08,Medium,50
U047,S0082,3,109.82,2,16,7,1,0,398.92,Medium,50
U021,S0083,3,50.83,4,16,6,0,0,432.2,High,20
U048,S0084,1,46.59,3,43,7,0,0,228.5,Medium,50
U046,S0085,5,62.75,1,36,5,0,1,237.61,Low,85
U027,S0086,10,6.59,4,13,1,1,0,193.09,Medium,50
U086,S0087,7,20.79,3,7,1,0,0,483.36,Medium,50
U035,S0088,9,88.83,2,36,7,1,1,348.61,Medium,50
U090,S0089,7,10.85,4,47,0,1,1,41.7,Medium,50
U088,S0090,9,72.78,3,9,5,0,1,431.49,High,20
U083,S0091,8,30.2,0,32,5,1,1,240.33,Low,85
U010,S0092,12,47.33,0,11,3,0,0,34.47,Low,85
U078,S0093,2,35.35,1,8,9,0,0,274.9,Low,85
U082,S0094,1,43.33,3,33,2,1,0,208.64,Medium,50
U022,S0095,16,86.57,0,23,2,0,1,438.89,Medium,50
U069,S0096,5,36.36,2,25,0,0,1,102.08,Low,85
U094,S0097,3,68.4,3,8,2,0,0,413.25,Medium,50
U032,S0098,12,57.65,2,45,3,1,1,278.89,Low,85
U021,S0099,8,79.98,2,22,4,0,1,27.4,Low,85
U060,S0100,3,112.48,0,4,2,1,0,485.93,Medium,50
U049,S0101,1,88.18,3,40,5,1,0,256.36,Medium,50
U035,S0102,3,26.58,4,3,4,0,1,145.51,Medium,50
U082,S0103,5,4.71,0,29,2,0,1,234.76,Low,85
U089,S0104,15,32.21,0,41,5,1,1,428.94,Medium,50
U072,S0105,14,71.81,3,29,5,1,0,152.52,Medium,50
U029,S0106,3,7.12,3,34,7,0,0,96.42,Medium,50
U088,S0107,1,60.07,2,34,1,0,0,64.62,Low,85
U042,S0108,5,72.02,3,28,0,1,0,149.0,Medium,50
U099,S0109,14,40.78,2,13,3,1,0,390.05,Low,85
U100,S0110,7,92.74,0,15,6,1,1,235.87,Medium,50
U008,S0111,9,13.69,1,23,9,1,1,113.82,Medium,50
U030,S0112,15,9.94,4,44,2,1,1,83.18,Medium,50
U005,S0113,15,87.65,0,26,2,0,0,166.43,Low,85
U041,S0114,10,59.96,3,4,4,1,0,469.97,High,20
U052,S0115,13,82.92,4,26,4,1,0,171.58,Medium,50
U035,S0116,19,52.74,1,40,9,0,1,494.06,High,20
U009,S0117,7,30.32,1,9,2,0,0,242.67,Low,85
U028,S0118,17,98.47,2,5,8,1,0,89.66,Medium,50
U073,S0119,4,96.13,4,32,3,1,1,445.58,High,20
U092,S0120,5,83.67,2,20,2,0,0,230.23,Low,85
U041,S0121,7,33.39,0,11,1,1,1,354.86,Low,85
U028,S0122,13,71.24,4,15,9,1,0,491.86,High,20
U084,S0123,15,43.96,0,32,8,0,0,25.18,Low,85
U064,S0124,11,11.9,2,28,3,1,1,48.44,Low,85
U051,S0125,4,110.16,4,22,2,0,1,360.26,Medium,50
U083,S0126,13,17.28,2,41,6,0,1,140.98,Medium,50
U059,S0127,7,114.08,4,17,7,0,1,92.23,High,20
U019,S0128,19,54.07,2,26,1,0,1,19.78,Low,85
U034,S0129,2,23.03,1,44,6,1,1,11.02,Medium,50
U018,S0130,10,65.49,2,7,4,0,0,387.27,Low,85
U032,S0131,13,104.88,1,42,4,1,0,67.3,Low,85
U096,S0132,6,88.13,2,26,2,1,1,233.91,Low,85
U072,S0133,12,96.98,4,25,4,1,0,302.99,Medium,50
U069,S0134,12,79.4,4,10,1,1,1,214.23,Medium,50
U034,S0135,11,83.38,4,45,3,1,0,13.65,Medium,50
U096,S0136,7,102.05,3,19,5,0,1,391.77,Medium,50
U075,S0137,1,30.71,0,11,0,0,0,5.36,Low,85
U055,S0138,1,59.24,4,13,9,0,0,380.97,Medium,50
U075,S0139,13,27.32,1,8,3,0,0,446.66,Low,85
U052,S0140,9,118.53,4,40,5,1,0,216.48,Medium,50
U047,S0141,3,113.34,3,4,8,0,0,267.82,Medium,50
U029,S0142,7,5.69,1,47,1,1,1,238.54,Low,85
U018,S0143,6,84.96,3,31,6,1,1,194.67,High,20
U066,S0144,8,111.1,1,28,5,0,1,443.72,Medium,50
U064,S0145,9,22.49,2,11,1,0,0,446.98,Low,85
U012,S0146,5,68.59,0,43,7,0,1,167.97,Medium,50
U097,S0147,1,109.94,0,1,6,0,0,307.57,Low,85
U007,S0148,19,5.04,3,49,4,1,0,463.46,High,20
U015,S0149,10,83.99,0,47,4,1,0,481.03,Medium,50
U020,S0150,12,36.38,3,38,6,0,1,254.53,High,20
U081,S0151,15,111.0,3,24,8,1,0,226.47,High,20
U021,S0152,9,116.56,3,47,8,1,1,139.42,High,20
U088,S0153,17,113.37,0,31,8,1,1,479.44,High,20
U055,S0154,17,57.43,3,41,5,0,0,71.49,Medium,50
U077,S0155,12,103.58,0,46,9,1,0,289.96,Medium,50
U009,S0156,7,101.5,3,26,5,0,1,141.35,Medium,50
U050,S0157,2,38.97,4,49,2,0,1,139.58,Medium,50
U049,S0158,3,99.64,3,5,0,1,1,202.54,Medium,50
U077,S0159,17,5.4,1,20,6,1,1,499.4,High,20
U060,S0160,5,71.96,3,41,3,0,1,27.58,Medium,50
U068,S0161,17,28.37,2,11,0,1,1,289.31,Medium,50
U033,S0162,17,15.35,3,33,7,1,0,41.38,High,20
U071,S0163,17,10.16,1,38,5,0,1,77.34,Low,85
U002,S0164,2,83.86,1,27,5,0,1,219.84,Low,85
U088,S0165,2,41.45,0,34,1,0,1,255.28,Low,85
U093,S0166,5,87.25,4,15,0,0,1,129.47,Medium,50
U015,S0167,1,8.78,3,32,1,1,0,158.3,Medium,50
U088,S0168,1,38.52,0,21,3,1,0,43.57,Low,85
U069,S0169,19,65.2,4,46,1,0,1,151.68,Medium,50
U097,S0170,2,95.1,3,5,0,0,1,483.28,High,20
U035,S0171,12,38.93,2,6,6,0,1,472.36,High,20
U099,S0172,6,75.48,3,38,7,1,0,167.51,High,20
U083,S0173,4,106.43,1,22,5,0,0,285.47,Low,85
U044,S0174,11,74.29,1,18,3,1,0,454.81,Medium,50
U015,S0175,17,28.72,2,14,5,0,0,3.19,Low,85
U038,S0176,6,3.9,0,10,2,0,0,405.36,Low,85
U056,S0177,5,104.54,4,46,7,0,0,474.19,High,20
U021,S0178,2,3.53,3,13,9,1,1,45.75,High,20
U059,S0179,6,105.09,1,31,1,1,0,80.81,Low,85
U001,S0180,11,63.94,0,30,4,1,0,480.38,Medium,50
U093,S0181,16,112.75,2,3,0,0,1,268.82,Low,85
U093,S0182,16,96.06,1,30,5,1,0,7.2,Low,85
U034,S0183,1,119.75,2,6,1,1,1,128.89,Low,85
U065,S0184,9,42.73,3,29,3,0,0,225.03,Low,85
U098,S0185,6,92.3,4,8,5,0,1,346.49,Medium,50
U023,S0186,16,48.83,1,44,9,1,1,366.61,High,20
U065,S0187,3,58.11,1,45,7,1,1,497.71,High,20
U014,S0188,4,75.67,3,43,7,1,1,143.83,High,20
U081,S0189,19,104.97,0,44,5,1,1,269.16,Medium,50
U039,S0190,3,118.11,4,33,3,0,0,266.71,Low,85
U082,S0191,19,92.42,1,17,7,0,0,202.88,Medium,50
U065,S0192,7,50.71,4,48,7,0,1,84.66,High,20
U078,S0193,9,51.14,1,11,9,1,1,488.73,High,20
U026,S0194,1,88.77,4,13,0,1,1,426.67,High,20
U020,S0195,8,29.41,2,11,3,0,0,249.22,Low,85
U048,S0196,7,14.15,1,31,3,0,1,301.66,Low,85
U098,S0197,18,43.2,4,28,6,1,1,113.71,High,20
U021,S0198,8,35.18,0,44,6,1,1,271.94,Medium,50
U070,S0199,1,36.26,2,6,7,0,1,347.52,Medium,50
U100,S0200,11,28.8,2,41,4,0,0,257.63,Low,85
U068,S0201,18,6.01,0,16,6,0,1,495.14,High,20
U001,S0202,10,3.13,4,4,7,1,1,305.71,High,20
U077,S0203,3,118.54,3,35,8,1,0,185.55,High,20
U042,S0204,7,51.91,0,48,2,1,1,386.1,Low,85
U063,S0205,16,46.73,4,26,2,1,1,85.31,High,20
U003,S0206,16,81.88,0,12,3,1,0,192.32,Low,85
U015,S0207,17,26.97,0,11,4,1,0,173.54,Low,85
U047,S0208,2,114.05,1,37,9,0,0,215.96,Low,85
U040,S0209,1,94.58,4,25,0,0,1,390.91,Medium,50
U031,S0210,16,11.64,3,18,6,1,1,242.14,High,20
U008,S0211,12,50.69,1,19,8,0,0,397.03,Low,85
U031,S0212,5,105.62,0,23,7,1,0,288.29,Medium,50
U073,S0213,5,113.42,0,38,4,0,0,171.1,Low,85
U011,S0214,9,56.62,0,18,3,1,1,405.01,Medium,50
U011,S0215,9,74.0,4,26,6,0,1,119.22,High,20
U094,S0216,3,20.88,4,6,4,0,0,112.27,Low,85
U063,S0217,19,118.95,1,4,6,1,1,252.3,High,20
U009,S0218,16,28.57,3,44,0,1,0,130.5,Medium,50
U098,S0219,16,113.19,1,29,0,0,1,4.64,Low,85
U069,S0220,3,78.31,2,34,9,0,1,324.18,Medium,50
U099,S0221,1,73.32,0,17,2,1,1,255.6,Low,85
U017,S0222,11,62.01,0,43,1,0,1,222.81,Low,85
U017,S0223,17,28.45,0,43,1,1,0,483.49,Medium,50
U085,S0224,8,22.01,1,16,6,1,1,285.64,Medium,50
U061,S0225,4,27.24,1,2,9,0,1,431.73,High,20
U071,S0226,6,23.19,0,34,1,1,0,69.81,Low,85
U022,S0227,8,93.77,1,8,3,0,1,284.65,Low,85
U034,S0228,3,42.66,4,13,1,0,0,434.0,Medium,50
U068,S0229,16,7.88,4,42,5,1,0,291.59,Medium,50
U078,S0230,3,116.32,1,8,7,0,1,359.04,Medium,50
U055,S0231,18,106.17,0,30,9,1,1,186.08,High,20
U028,S0232,14,111.4,1,32,3,1,0,46.32,Low,85
U070,S0233,18,119.39,1,36,4,1,0,229.0,Low,85
U097,S0234,2,21.69,1,47,3,0,0,197.3,Low,85
U094,S0235,3,48.15,2,30,2,1,1,433.54,Medium,50
U089,S0236,16,91.23,4,1,4,0,0,122.07,Medium,50
U026,S0237,9,83.83,3,43,8,1,0,483.37,High,20
U092,S0238,4,19.31,3,39,7,1,0,479.07,High,20
U040,S0239,1,98.08,2,17,7,1,1,123.89,Medium,50
U052,S0240,4,27.71,1,20,7,0,0,174.09,Low,85
U086,S0241,1,27.63,2,24,7,0,1,447.79,High,20
U084,S0242,14,64.9,2,22,6,1,1,483.31,High,20
U048,S0243,16,71.56,0,29,7,1,0,221.78,Medium,50
U057,S0244,8,70.03,4,22,7,0,1,160.57,High,20
U067,S0245,7,11.89,3,44,7,0,0,263.09,Medium,50
U058,S0246,3,105.42,1,9,9,0,1,343.92,Medium,50
U016,S0247,17,32.61,3,37,6,1,1,136.81,High,20
U032,S0248,1,16.41,3,10,0,0,0,368.26,Low,85
U029,S0249,16,106.76,4,36,3,1,0,25.92,Medium,50
U009,S0250,12,114.72,3,37,3,0,0,24.74,Low,85
U044,S0251,19,103.59,3,28,4,1,1,193.21,High,20
U003,S0252,14,97.33,2,28,9,1,1,176.8,Medium,50
U076,S0253,6,78.97,4,42,5,1,0,157.89,Medium,50
U071,S0254,6,66.55,0,43,3,0,0,245.56,Low,85
U030,S0255,13,11.35,1,21,1,0,1,160.43,Low,85
U076,S0256,19,49.61,3,24,5,0,1,96.21,Medium,50
U029,S0257,8,45.35,1,42,7,1,1,154.8,Medium,50
U001,S0258,2,31.91,0,40,7,1,0,487.45,High,20
U010,S0259,1,87.09,1,2,6,0,1,205.62,Medium,50
U091,S0260,15,60.01,0,8,5,1,0,222.41,Low,85
U081,S0261,1,10.64,2,48,1,1,1,288.31,Low,85
U008,S0262,5,27.2,3,27,6,1,1,491.67,High,20
U030,S0263,16,82.31,0,22,4,0,0,120.88,Low,85
U009,S0264,19,10.06,1,37,5,1,0,340.67,Low,85
U005,S0265,4,102.29,3,27,9,0,0,358.02,Medium,50
U043,S0266,3,59.92,2,29,7,0,1,303.7,Medium,50
U010,S0267,17,58.19,3,3,7,0,1,44.38,High,20
U066,S0268,17,71.5,0,44,2,0,1,338.47,Low,85
U031,S0269,12,99.14,2,13,6,0,0,32.14,Low,85
U036,S0270,14,42.39,1,45,0,1,1,298.11,Low,85
U086,S0271,6,81.68,2,10,0,0,0,369.82,Low,85
U063,S0272,3,68.32,2,36,6,0,0,105.56,Low,85
U028,S0273,9,32.78,4,9,9,0,0,420.83,High,20
U070,S0274,5,105.56,2,27,8,1,1,15.27,Medium,50
U017,S0275,17,95.89,2,34,6,1,1,421.92,High,20
U093,S0276,14,79.36,3,1,9,1,0,230.22,High,20
U074,S0277,3,102.22,1,32,4,1,1,108.87,Low,85
U074,S0278,1,104.21,3,25,7,0,0,66.98,Medium,50
U061,S0279,1,85.3,3,29,1,0,0,476.66,Medium,50
U032,S0280,3,100.6,0,7,8,1,1,36.43,Medium,50
U061,S0281,18,84.0,3,49,5,1,0,99.63,Medium,50
U053,S0282,10,81.94,4,3,8,1,0,173.98,High,20
U025,S0283,3,74.61,4,20,1,1,1,310.16,Medium,50
U013,S0284,8,90.57,0,20,2,0,0,272.45,Low,85
U013,S0285,14,19.87,1,30,7,1,0,62.91,Medium,50
U085,S0286,18,105.82,1,35,0,1,0,144.94,Low,85
U056,S0287,15,104.75,3,35,9,1,0,119.45,High,20
U046,S0288,2,4.48,3,49,6,1,0,106.85,High,20
U055,S0289,10,99.27,3,39,6,1,0,205.63,High,20
U053,S0290,2,16.34,1,27,0,1,0,352.05,Low,85
U060,S0291,17,40.88,2,26,8,1,1,108.8,High,20
U094,S0292,8,89.48,4,14,7,0,1,183.4,High,20
U007,S0293,1,20.13,2,17,3,0,0,195.52,Low,85
U087,S0294,9,98.34,2,18,9,0,0,488.23,Medium,50
U084,S0295,11,100.02,1,45,4,0,1,477.34,Medium,50
U083,S0296,16,61.39,2,29,1,0,1,400.09,Medium,50
U013,S0297,7,1.76,0,20,8,0,1,120.91,Medium,50
U008,S0298,10,35.16,3,27,5,1,1,34.11,Medium,50
U052,S0299,3,74.41,0,18,2,1,1,158.52,Low,85
U094,S0300,18,117.76,4,4,6,0,0,133.47,High,20
U044,S0301,13,76.19,3,1,8,1,1,253.01,High,20
U014,S0302,7,31.92,2,1,2,0,1,388.89,Low,85
U032,S0303,4,76.45,4,26,1,1,1,429.18,High,20
U025,S0304,13,65.26,3,45,6,1,0,422.45,High,20
U025,S0305,1,93.8,2,20,6,1,0,179.9,Medium,50
U069,S0306,8,13.73,0,23,3,1,0,343.65,Low,85
U058,S0307,14,91.56,3,10,8,1,0,156.49,High,20
U018,S0308,16,65.41,2,11,7,1,0,30.55,Medium,50
U055,S0309,14,115.6,0,41,0,0,0,350.81,Low,85
U024,S0310,12,41.68,4,41,0,0,1,5.01,Medium,50
U036,S0311,19,76.28,4,5,4,1,0,204.65,Medium,50
U060,S0312,15,111.91,4,1,5,0,0,164.76,Low,85
U032,S0313,2,13.2,4,17,2,1,1,346.72,Medium,50
U010,S0314,2,112.53,1,22,8,0,0,383.15,Low,85
U057,S0315,19,82.86,3,34,9,1,1,152.12,High,20
U071,S0316,17,9.07,3,45,5,0,1,405.83,High,20
U013,S0317,10,36.81,1,41,3,1,0,147.03,Low,85
U007,S0318,6,85.27,2,29,6,0,1,223.22,Medium,50
U084,S0319,15,9.01,2,4,7,1,1,363.54,Medium,50
U070,S0320,11,70.28,4,5,8,0,1,346.49,High,20
U002,S0321,5,42.16,0,11,5,1,1,493.69,Medium,50
U012,S0322,1,74.89,2,21,5,1,0,112.66,Low,85
U097,S0323,8,6.44,0,35,7,1,1,331.19,Medium,50
U031,S0324,12,104.71,3,12,4,0,0,304.88,Low,85
U022,S0325,12,116.85,0,26,2,0,1,457.56,Medium,50
U053,S0326,5,116.3,3,19,2,0,1,78.27,Medium,50
U063,S0327,7,90.21,1,45,5,1,1,375.92,Low,85
U062,S0328,4,16.48,1,7,1,0,0,284.18,Low,85
U028,S0329,6,91.23,4,47,5,1,0,137.41,Medium,50
U052,S0330,13,3.93,2,7,5,0,0,237.27,Low,85
U008,S0331,15,3.63,4,26,7,0,1,166.95,High,20
U022,S0332,3,39.51,3,40,6,0,1,289.7,High,20
U049,S0333,8,59.15,4,5,7,0,1,444.51,High,20
U001,S0334,16,92.68,0,21,8,1,1,284.7,High,20
U050,S0335,13,82.31,3,14,5,0,0,315.9,Low,85
U034,S0336,18,54.06,1,4,2,0,1,259.42,Low,85
U059,S0337,10,33.56,2,23,9,1,0,25.68,Medium,50
U037,S0338,19,119.66,3,42,2,1,1,116.51,High,20
U055,S0339,17,51.72,3,20,0,0,0,246.05,Medium,50
U090,S0340,19,54.72,0,15,4,0,0,155.19,Low,85
U094,S0341,5,20.47,2,45,3,1,1,90.96,Low,85
U072,S0342,9,95.58,1,29,8,1,1,252.12,Medium,50
U085,S0343,12,83.55,3,8,8,1,0,161.47,High,20
U092,S0344,1,27.27,3,41,4,0,1,129.13,Medium,50
U063,S0345,1,10.8,0,48,9,0,1,232.05,Medium,50
U020,S0346,15,81.98,4,19,3,0,0,66.73,Low,85
U025,S0347,2,78.89,1,48,6,1,0,463.88,High,20
U038,S0348,16,33.52,2,39,5,1,0,433.86,Medium,50
U028,S0349,8,114.15,3,46,3,1,0,353.84,Medium,50
U008,S0350,13,18.98,3,28,9,0,1,53.2,High,20
U075,S0351,1,52.45,1,46,1,1,0,387.96,Low,85
U095,S0352,16,113.29,4,27,0,0,0,404.0,High,20
U070,S0353,7,50.95,3,4,3,1,0,383.91,Medium,50
U008,S0354,5,76.98,1,15,3,0,1,57.07,Low,85
U096,S0355,3,48.31,0,35,0,0,0,321.99,Low,85
U041,S0356,12,33.63,4,37,5,1,1,417.18,High,20
U008,S0357,16,118.09,2,1,3,0,0,288.72,Low,85
U007,S0358,19,49.71,3,3,0,1,0,323.24,Medium,50
U075,S0359,5,107.4,1,47,0,0,1,229.24,Low,85
U062,S0360,14,28.36,0,24,0,1,0,264.4,Low,85
U065,S0361,5,26.36,2,27,7,1,0,17.28,Medium,50
U068,S0362,15,4.7,1,40,9,0,1,319.52,Medium,50
U021,S0363,17,78.55,1,36,7,1,0,40.82,Medium,50
U008,S0364,14,44.85,2,34,1,0,0,217.56,Low,85
U066,S0365,5,103.86,0,29,6,1,0,146.4,Medium,50
U011,S0366,12,57.31,0,24,7,1,0,272.76,Medium,50
U024,S0367,16,116.22,4,24,7,1,1,66.79,High,20
U009,S0368,16,23.08,3,42,9,1,0,345.85,High,20
U077,S0369,7,104.37,2,4,6,0,1,397.53,Medium,50
U009,S0370,4,93.42,2,3,4,1,0,81.76,Low,85
U087,S0371,1,92.74,2,34,0,1,1,52.25,Low,85
U031,S0372,5,101.53,0,49,8,0,0,72.84,Low,85
U052,S0373,10,91.56,3,23,6,0,1,438.58,High,20
U016,S0374,5,75.52,4,23,1,0,0,264.14,Low,85
U073,S0375,4,16.62,1,45,5,0,1,233.68,Low,85
U032,S0376,2,4.87,1,5,1,0,1,53.45,Low,85
U075,S0377,10,110.58,2,31,0,0,0,324.81,Low,85
U077,S0378,19,74.38,3,41,6,1,1,434.01,High,20
U006,S0379,1,95.79,0,6,1,0,0,414.11,Low,85
U080,S0380,5,58.3,3,37,1,1,0,313.06,Medium,50
U011,S0381,13,14.96,3,10,4,0,0,37.73,Low,85
U054,S0382,4,15.9,0,40,4,1,0,56.29,Low,85
U085,S0383,16,82.58,2,7,6,1,0,24.75,Medium,50
U075,S0384,16,52.21,3,39,0,1,1,128.81,High,20
U073,S0385,2,24.86,1,38,7,0,0,67.92,Low,85
U067,S0386,17,59.5,0,21,2,0,0,130.1,Low,85
U041,S0387,12,8.64,4,20,3,0,0,192.59,Low,85
U034,S0388,18,70.25,2,3,8,0,0,471.5,High,20
U027,S0389,3,33.01,0,22,3,1,0,305.23,Low,85
U086,S0390,1,95.91,4,47,9,0,0,417.5,High,20
U092,S0391,1,37.93,4,4,4,1,1,355.2,Medium,50
U041,S0392,19,55.17,3,28,6,1,1,56.34,High,20
U031,S0393,11,2.38,3,12,3,0,0,367.99,Low,85
U034,S0394,5,9.62,3,38,0,0,1,137.62,Medium,50
U051,S0395,12,47.71,0,36,8,0,0,319.59,Low,85
U017,S0396,3,58.11,0,47,3,1,0,170.55,Low,85
U086,S0397,1,72.4,2,41,8,0,0,498.84,Medium,50
U083,S0398,1,35.71,3,5,5,1,0,131.85,Medium,50
U039,S0399,8,83.7,4,13,0,0,0,139.64,Low,85
U059,S0400,10,103.35,1,23,2,1,1,465.34,Medium,50
U041,S0401,11,93.8,2,30,1,0,1,12.42,Low,85
U097,S0402,12,5.71,0,37,8,0,1,348.37,Medium,50
U010,S0403,13,58.18,2,25,0,1,1,362.69,Low,85
U002,S0404,12,13.49,2,48,8,0,0,418.21,Medium,50
U059,S0405,14,29.8,2,27,8,0,1,487.22,High,20
U080,S0406,2,118.41,2,14,7,0,0,487.8,Medium,50
U073,S0407,19,17.96,1,48,7,0,1,32.73,Medium,50
U013,S0408,18,60.37,3,47,0,0,1,410.94,High,20
U010,S0409,3,74.56,4,36,7,0,1,323.19,High,20
U069,S0410,17,84.59,2,39,9,0,1,323.71,Medium,50
U028,S0411,8,67.6,2,16,2,1,0,64.26,Low,85
U065,S0412,10,2.16,2,22,6,1,1,325.13,Medium,50
U034,S0413,2,39.85,3,21,0,0,1,491.24,High,20
U017,S0414,19,62.61,0,21,0,0,0,455.92,Medium,50
U045,S0415,9,11.46,0,8,9,0,0,219.62,Low,85
U009,S0416,7,42.72,1,49,4,1,1,20.07,Low,85
U032,S0417,4,4.95,0,16,4,1,0,181.21,Low,85
U048,S0418,18,10.35,2,31,7,0,0,413.21,High,20
U037,S0419,13,48.23,2,42,6,1,0,350.78,Medium,50
U021,S0420,11,16.79,2,10,7,0,1,229.73,Medium,50
U057,S0421,4,68.54,1,32,5,0,0,27.65,Low,85
U070,S0422,4,83.05,2,34,5,0,1,213.5,Low,85
U091,S0423,10,96.27,0,9,1,0,1,234.57,Low,85
U039,S0424,5,24.82,3,17,5,1,1,464.28,High,20
U079,S0425,9,20.93,3,11,4,1,1,320.58,Medium,50
U084,S0426,3,13.44,4,32,2,0,0,155.9,Low,85
U068,S0427,17,76.74,0,10,5,1,1,262.71,Medium,50
U002,S0428,3,85.07,2,22,7,1,0,33.12,Medium,50
U086,S0429,16,4.76,3,17,8,0,1,486.29,High,20
U071,S0430,4,112.41,0,4,0,1,0,180.09,Low,85
U039,S0431,18,7.18,3,48,2,0,1,238.99,Medium,50
U085,S0432,17,65.41,2,47,2,0,0,177.71,Low,85
U014,S0433,7,85.38,3,25,7,0,1,341.29,High,20
U018,S0434,5,104.65,4,21,0,0,1,331.15,Medium,50
U034,S0435,12,85.98,4,37,4,1,0,357.69,Medium,50
U015,S0436,17,96.41,3,38,2,0,1,134.14,Medium,50
U014,S0437,13,41.39,0,49,1,1,1,157.9,Low,85
U096,S0438,3,97.96,0,1,7,0,1,62.71,Medium,50
U071,S0439,9,10.53,0,25,2,0,0,327.79,Low,85
U020,S0440,17,107.48,3,36,6,1,1,19.99,High,20
U035,S0441,17,66.16,0,17,0,0,1,298.88,Low,85
U037,S0442,16,98.26,2,41,5,1,0,434.86,Medium,50
U078,S0443,13,54.83,4,24,2,1,0,445.43,High,20
U027,S0444,19,77.59,2,2,7,0,0,224.57,Medium,50
U092,S0445,17,63.64,0,40,5,0,0,229.71,Low,85
U044,S0446,4,88.06,2,15,1,0,0,38.58,Low,85
U027,S0447,12,10.71,0,32,5,0,1,335.42,Low,85
U088,S0448,9,8.18,3,39,6,0,1,410.65,High,20
U082,S0449,19,30.41,2,6,4,0,1,122.4,Low,85
U034,S0450,12,19.99,3,1,2,1,0,210.71,Medium,50
U065,S0451,9,104.74,3,47,3,1,1,419.44,High,20
U063,S0452,7,27.09,1,23,3,0,0,438.57,Low,85
U033,S0453,14,117.13,0,39,5,1,0,121.67,Low,85
U007,S0454,19,41.09,4,17,9,1,1,275.33,High,20
U012,S0455,15,22.67,0,34,0,0,0,96.33,Low,85
U082,S0456,16,94.97,4,41,3,0,0,51.03,Medium,50
U055,S0457,5,79.39,0,29,9,1,1,455.57,High,20
U036,S0458,3,60.29,3,9,3,0,0,410.27,Medium,50
U006,S0459,12,67.09,2,13,9,1,0,380.04,Medium,50
U001,S0460,4,86.59,2,6,0,0,1,24.48,Low,85
U043,S0461,16,28.19,1,6,8,1,0,421.88,High,20
U099,S0462,7,119.56,4,20,3,1,0,219.08,Medium,50
U017,S0463,13,117.0,4,3,6,1,1,171.26,High,20
U082,S0464,10,78.39,4,17,2,1,1,273.28,Medium,50
U034,S0465,7,24.75,3,49,9,0,1,45.77,High,20
U021,S0466,14,81.95,4,12,2,0,1,378.35,Medium,50
U095,S0467,5,9.59,2,48,7,1,0,291.26,Medium,50
U057,S0468,3,4.65,3,47,7,1,0,93.38,High,20
U071,S0469,11,31.66,0,45,0,0,1,94.2,Low,85
U091,S0470,11,56.05,4,1,9,0,0,92.21,Medium,50
U055,S0471,18,104.32,4,17,1,1,0,28.6,Medium,50
U072,S0472,15,87.53,0,3,7,1,1,293.94,Medium,50
U002,S0473,12,89.38,4,26,0,1,1,420.19,High,20
U015,S0474,9,51.63,0,15,7,1,0,8.85,Medium,50
U010,S0475,10,42.17,3,36,7,1,1,24.6,High,20
U089,S0476,12,45.15,2,32,1,0,1,286.43,Low,85
U020,S0477,17,118.53,0,32,3,1,1,409.77,High,20
U070,S0478,6,5.77,1,4,5,0,0,163.44,Low,85
U005,S0479,7,104.18,0,18,8,0,1,174.87,Medium,50
U048,S0480,14,69.86,4,49,7,0,0,298.21,Medium,50
U075,S0481,13,53.2,3,19,7,1,0,137.18,High,20
U071,S0482,8,87.31,3,43,6,0,0,13.4,Medium,50
U019,S0483,10,58.91,0,35,8,0,1,367.64,Medium,50
U056,S0484,9,104.94,2,40,1,0,1,312.86,Low,85
U017,S0485,18,108.18,1,14,2,0,1,290.42,Low,85
U006,S0486,2,51.18,3,33,9,1,1,370.87,High,20
U040,S0487,5,33.94,4,14,7,1,1,337.65,High,20
U047,S0488,5,71.49,4,34,5,0,0,103.02,Low,85
U006,S0489,6,109.57,2,4,9,0,0,176.31,Low,85
U046,S0490,19,26.07,3,24,8,1,0,63.14,High,20
U027,S0491,8,75.13,0,29,9,1,1,65.02,Medium,50
U088,S0492,16,76.16,4,19,3,1,0,338.13,Medium,50
U032,S0493,13,88.24,2,6,7,0,0,429.31,Medium,50
U086,S0494,1,16.66,3,33,9,1,1,481.37,High,20
U014,S0495,17,86.18,3,49,2,0,1,314.21,Medium,50
U046,S0496,7,109.17,3,40,2,0,0,92.13,Low,85
U100,S0497,13,22.38,3,19,7,1,0,52.91,High,20
U072,S0498,4,29.27,3,1,4,0,1,406.44,High,20
U053,S0499,4,116.6,4,5,2,1,1,289.42,Medium,50
U080,S0500,6,22.54,2,27,9,0,1,309.18,Medium,50
U096,S0501,19,102.67,3,16,0,1,1,390.75,High,20
U020,S0502,12,59.58,1,6,2,0,0,351.67,Low,85
U031,S0503,7,30.42,1,40,8,0,0,417.25,Medium,50
U021,S0504,10,104.62,2,13,4,1,1,28.2,Low,85
U023,S0505,19,53.99,0,48,9,1,0,373.79,Medium,50
U053,S0506,7,62.26,0,35,1,1,0,425.44,Medium,50
U004,S0507,3,43.75,0,19,6,1,1,143.14,Medium,50
U023,S0508,13,71.56,1,12,1,0,0,320.26,Low,85
U095,S0509,13,20.46,0,16,3,1,0,157.15,Low,85
U043,S0510,18,47.54,4,43,6,1,0,478.99,High,20
U053,S0511,8,116.36,3,10,3,0,1,16.81,Medium,50
U086,S0512,9,31.72,1,25,6,1,1,289.94,Medium,50
U095,S0513,7,79.15,2,20,6,1,0,83.34,Medium,50
U032,S0514,1,39.7,2,31,0,0,1,356.14,Low,85
U035,S0515,3,93.04,3,4,5,1,1,88.03,Medium,50
U021,S0516,13,16.57,1,44,8,1,1,117.77,Medium,50
U090,S0517,17,116.41,0,23,1,1,0,247.24,Low,85
U014,S0518,1,55.0,0,2,2,1,0,457.43,Medium,50
U049,S0519,6,29.09,4,22,9,1,1,105.94,High,20
U005,S0520,6,9.75,4,37,4,1,0,72.21,Medium,50
U061,S0521,12,21.2,0,8,8,0,0,379.51,Low,85
U029,S0522,13,62.85,2,7,3,1,0,250.36,Low,85
U026,S0523,13,41.1,2,14,0,0,0,455.9,Low,85
U059,S0524,15,99.64,4,3,3,0,0,73.39,Low,85
U045,S0525,16,52.28,3,16,5,0,1,323.0,Medium,50
U040,S0526,11,30.6,0,19,4,0,0,116.52,Low,85
U030,S0527,5,74.44,4,18,0,1,0,78.46,Medium,50
U029,S0528,4,85.11,4,16,3,1,0,341.75,Medium,50
U004,S0529,3,20.88,0,8,5,1,1,296.88,Low,85
U085,S0530,19,20.95,0,33,9,0,1,377.44,Medium,50
U025,S0531,18,5.36,2,49,9,1,1,154.8,High,20
U052,S0532,15,88.63,3,12,3,1,0,224.04,Medium,50
U043,S0533,9,79.99,3,11,8,1,1,202.8,High,20
U036,S0534,17,57.48,0,5,4,0,1,492.05,Medium,50
U009,S0535,14,101.46,1,27,7,0,1,146.2,Medium,50
U099,S0536,15,96.87,4,12,8,1,1,147.48,High,20
U036,S0537,1,70.66,4,17,9,0,0,177.34,Medium,50
U045,S0538,3,104.32,0,6,4,0,1,282.34,Low,85
U083,S0539,16,25.5,1,33,5,1,1,126.24,Medium,50
U066,S0540,11,14.32,2,5,0,0,0,457.65,Low,85
U052,S0541,12,33.1,0,28,6,0,0,132.92,Low,85
U087,S0542,10,7.79,0,14,3,1,1,447.92,Medium,50
U069,S0543,16,64.21,4,5,1,0,0,51.83,Medium,50
U043,S0544,8,112.46,0,33,4,0,1,328.32,Low,85
U004,S0545,6,5.68,0,48,2,0,0,453.5,Low,85
U015,S0546,12,15.53,0,41,5,0,0,84.46,Low,85
U034,S0547,8,54.81,4,19,7,0,1,484.17,High,20
U023,S0548,4,112.13,2,22,6,0,0,226.5,Low,85
U075,S0549,8,38.62,2,5,2,0,1,472.86,Medium,50
U034,S0550,18,61.36,0,2,7,0,0,338.44,Medium,50
U005,S0551,5,5.95,4,30,1,1,1,150.86,Medium,50
U014,S0552,9,18.65,2,47,9,1,0,94.23,Medium,50
U077,S0553,4,118.41,2,39,8,1,0,151.94,Medium,50
U056,S0554,17,115.85,2,4,3,1,0,46.6,Low,85
U045,S0555,9,1.59,4,33,0,0,0,72.02,Low,85
U094,S0556,1,114.27,4,13,7,1,0,52.42,High,20
U041,S0557,13,77.06,0,20,6,1,1,211.53,Medium,50
U056,S0558,16,104.28,3,7,4,0,0,397.81,Medium,50
U078,S0559,13,55.11,2,15,9,0,1,70.78,Medium,50
U066,S0560,14,62.36,3,23,4,0,1,65.25,Medium,50
U015,S0561,3,59.17,4,14,6,0,1,321.75,High,20
U050,S0562,6,80.36,4,23,4,0,0,98.67,Low,85
U074,S0563,18,17.62,4,19,7,1,1,48.9,High,20
U025,S0564,19,4.57,3,29,5,0,0,83.51,Medium,50
U033,S0565,5,37.64,4,20,4,1,1,461.87,High,20
U006,S0566,15,84.86,0,29,8,1,1,410.75,High,20
U091,S0567,2,25.02,4,24,1,0,1,177.1,Medium,50
U056,S0568,10,81.14,1,18,0,1,1,327.94,Low,85
U001,S0569,18,116.42,3,10,7,1,1,268.68,High,20
U067,S0570,13,12.17,1,41,2,0,0,338.59,Low,85
U069,S0571,5,81.04,4,8,6,1,1,341.37,High,20
U088,S0572,1,53.81,0,26,9,1,1,314.4,Medium,50
U093,S0573,1,104.31,2,29,7,1,0,133.12,Medium,50
U095,S0574,18,22.08,4,10,5,0,0,19.6,Medium,50
U095,S0575,15,83.42,0,17,9,0,0,227.84,Low,85
U086,S0576,17,100.74,3,2,8,0,1,445.5,High,20
U026,S0577,11,113.41,1,6,6,1,1,284.79,Medium,50
U047,S0578,17,82.31,1,5,9,0,1,416.21,High,20
U056,S0579,13,60.16,1,28,4,1,1,495.81,Medium,50
U009,S0580,1,74.52,3,41,7,0,1,81.89,High,20
U086,S0581,2,104.4,0,5,1,1,1,345.92,Low,85
U043,S0582,9,68.9,3,18,6,0,0,337.18,Medium,50
U080,S0583,3,4.62,1,26,3,0,0,489.98,Low,85
U041,S0584,1,111.78,4,20,8,1,1,492.8,High,20
U085,S0585,16,83.05,2,41,0,0,1,343.37,Low,85
U016,S0586,6,81.51,3,49,6,1,1,121.88,High,20
U093,S0587,17,26.67,3,27,5,0,1,399.3,Medium,50
U039,S0588,5,79.41,0,49,7,0,1,53.6,Medium,50
U065,S0589,5,47.87,0,12,4,1,0,390.37,Low,85
U040,S0590,6,78.5,3,7,0,1,0,455.11,High,20
U086,S0591,3,13.68,1,3,0,1,1,191.48,Low,85
U053,S0592,5,79.28,2,10,8,0,0,315.35,Low,85
U042,S0593,5,119.93,0,34,9,1,1,215.13,Medium,50
U052,S0594,10,6.74,1,25,5,0,1,218.94,Low,85
U090,S0595,10,117.28,4,35,9,1,1,155.25,High,20
U038,S0596,19,49.42,0,16,4,1,0,381.09,Low,85
U071,S0597,17,104.62,1,2,0,1,0,468.09,Medium,50
U017,S0598,14,94.1,1,24,5,1,1,470.38,Medium,50
U025,S0599,9,68.47,2,10,5,1,0,87.47,Low,85
U054,S0600,14,88.88,2,38,2,1,0,437.38,Medium,50
U086,S0601,1,105.54,4,22,7,0,1,368.74,High,20
U049,S0602,19,49.09,1,26,0,1,0,126.49,Low,85
U087,S0603,13,39.92,1,43,0,0,0,33.74,Low,85
U096,S0604,13,80.44,2,39,5,1,1,134.07,Low,85
U023,S0605,4,97.13,0,27,9,1,1,456.11,High,20
U079,S0606,1,91.71,0,29,0,1,0,316.63,Low,85
U073,S0607,17,95.94,3,47,5,0,1,360.56,Medium,50
U039,S0608,8,52.83,2,38,0,0,0,128.65,Low,85
U052,S0609,2,98.32,3,20,5,1,1,359.72,Medium,50
U071,S0610,8,15.3,2,27,2,0,1,14.16,Low,85
U001,S0611,7,65.79,4,41,7,1,1,187.72,High,20
U039,S0612,2,1.69,1,20,5,1,1,313.41,Low,85
U037,S0613,3,39.63,4,44,0,0,0,73.13,Low,85
U027,S0614,18,44.61,2,19,4,0,1,411.52,Medium,50
U056,S0615,12,48.14,1,20,7,0,1,117.59,Medium,50
U075,S0616,1,83.76,0,35,2,0,1,326.18,Low,85
U078,S0617,12,47.24,0,47,5,1,0,202.66,Low,85
U084,S0618,5,54.39,3,2,4,0,0,298.06,Low,85
U042,S0619,17,29.27,2,30,5,0,1,53.81,Low,85
U060,S0620,16,45.42,2,34,9,1,1,8.55,High,20
U057,S0621,15,28.05,0,22,0,0,1,454.79,Medium,50
U057,S0622,15,9.71,4,3,6,0,1,134.89,High,20
U087,S0623,5,72.81,1,6,8,0,1,409.86,High,20
U028,S0624,14,80.52,4,15,1,0,1,499.68,High,20
U066,S0625,2,74.72,4,27,9,1,0,105.79,High,20
U061,S0626,11,56.16,0,10,4,1,1,132.66,Low,85
U095,S0627,19,46.19,0,9,9,0,1,331.46,Medium,50
U022,S0628,7,103.74,0,33,3,0,1,482.73,Medium,50
U085,S0629,6,62.77,3,32,5,1,1,457.92,High,20
U011,S0630,2,58.02,4,48,5,0,1,251.49,Medium,50
U037,S0631,6,4.05,2,6,1,0,1,397.58,Low,85
U066,S0632,18,41.61,1,41,1,0,0,67.96,Low,85
U085,S0633,2,46.24,3,36,3,0,0,488.72,Medium,50
U082,S0634,18,48.46,2,2,0,0,0,482.18,Medium,50
U080,S0635,15,70.04,4,29,8,0,0,81.95,Medium,50
U043,S0636,19,64.5,0,4,6,0,0,149.78,Medium,50
U012,S0637,2,73.34,4,1,6,0,0,50.17,Medium,50
U097,S0638,6,92.02,1,19,2,0,1,135.93,Low,85
U031,S0639,1,97.75,3,26,2,1,1,408.0,High,20
U087,S0640,15,86.46,3,25,0,1,1,189.22,Medium,50
U040,S0641,10,114.71,1,10,2,1,1,44.29,Low,85
U029,S0642,19,3.17,2,15,2,0,1,171.18,Low,85
U026,S0643,17,24.3,2,22,3,0,1,490.69,Medium,50
U019,S0644,5,1.9,3,48,3,1,0,314.88,Medium,50
U004,S0645,4,78.05,3,21,2,0,1,208.14,Medium,50
U006,S0646,10,107.87,0,22,9,1,0,83.35,Medium,50
U032,S0647,17,29.97,2,36,7,0,0,493.09,High,20
U061,S0648,10,111.32,1,34,7,1,1,410.44,High,20
U079,S0649,17,8.17,2,30,0,1,1,140.81,Medium,50
U099,S0650,5,112.2,0,25,6,1,1,35.13,Medium,50
U010,S0651,2,42.84,3,45,1,0,1,28.41,Medium,50
U059,S0652,6,13.07,3,28,0,1,1,60.28,Medium,50
U054,S0653,2,58.82,0,1,2,0,1,290.43,Low,85
U081,S0654,13,31.56,1,49,3,0,1,464.39,Medium,50
U074,S0655,11,34.9,3,45,5,0,0,248.42,Low,85
U025,S0656,11,37.57,4,4,9,0,1,421.49,High,20
U092,S0657,16,96.56,3,7,4,0,1,223.0,Medium,50
U090,S0658,11,65.16,4,49,3,0,0,354.32,Low,85
U050,S0659,19,38.05,0,9,7,0,1,365.96,Medium,50
U064,S0660,15,73.63,0,36,3,1,1,87.06,Low,85
U052,S0661,16,86.22,3,19,9,1,0,180.67,High,20
U032,S0662,11,33.44,2,1,1,1,1,318.69,Low,85
U019,S0663,16,50.21,4,10,2,0,1,35.44,Medium,50
U084,S0664,8,15.5,1,36,5,0,1,180.83,Low,85
U089,S0665,4,22.56,3,9,7,0,1,267.45,High,20
U001,S0666,8,82.05,1,45,7,0,1,498.11,High,20
U097,S0667,4,22.59,3,46,8,1,1,237.32,High,20
U099,S0668,3,63.49,2,42,6,0,0,408.05,Medium,50
U014,S0669,3,85.38,2,32,1,1,1,216.09,Low,85
U100,S0670,18,13.72,2,32,7,0,1,398.22,Medium,50
U055,S0671,19,68.51,2,6,6,1,0,297.75,Medium,50
U029,S0672,19,31.53,0,48,7,0,0,443.31,High,20
U023,S0673,5,115.59,0,38,2,1,1,205.53,Low,85
U090,S0674,18,58.54,4,17,6,0,0,302.19,High,20
U067,S0675,10,96.91,1,10,9,1,1,315.05,Medium,50
U060,S0676,6,66.48,3,27,8,0,1,208.75,High,20
U007,S0677,1,6.17,3,35,2,1,0,72.24,Medium,50
U072,S0678,5,76.35,0,21,9,1,1,46.87,Medium,50
U032,S0679,9,114.22,3,25,5,0,1,8.43,Medium,50
U016,S0680,12,72.59,0,28,1,1,0,436.78,Medium,50
U059,S0681,14,98.48,4,47,1,0,0,118.31,Low,85
U018,S0682,2,106.22,1,15,4,0,0,105.83,Low,85
U060,S0683,17,28.14,4,4,4,0,0,368.04,Medium,50
U086,S0684,14,26.23,2,29,6,1,1,160.08,Medium,50
U068,S0685,13,73.71,2,9,1,1,0,253.07,Low,85
U072,S0686,9,49.91,2,27,6,0,0,81.34,Low,85
U077,S0687,15,100.94,4,26,4,0,0,479.88,Medium,50
U041,S0688,15,108.1,3,19,5,1,0,425.81,High,20
U097,S0689,11,43.06,1,28,7,1,0,431.91,High,20
U057,S0690,16,29.19,2,17,9,1,1,203.45,High,20
U079,S0691,17,93.88,2,43,3,0,0,381.2,Low,85
U093,S0692,4,33.7,2,41,6,0,1,72.02,Medium,50
U065,S0693,1,98.89,1,42,5,0,0,4.41,Low,85
U055,S0694,8,51.42,2,20,9,0,0,10.08,Low,85
U071,S0695,17,80.44,1,45,1,0,0,293.34,Low,85
U058,S0696,3,12.37,2,40,7,1,0,227.75,Medium,50
U021,S0697,15,75.24,4,39,9,0,0,259.06,Medium,50
U096,S0698,15,54.76,4,49,8,1,0,3.83,High,20
U061,S0699,14,70.81,1,23,4,1,0,211.4,Low,85
U058,S0700,14,20.99,4,47,9,0,0,359.06,Medium,50
U034,S0701,2,88.69,1,32,3,1,1,221.4,Low,85
U097,S0702,13,103.67,4,47,5,0,0,366.14,Low,85
U032,S0703,14,26.79,4,33,7,1,1,116.59,High,20
U082,S0704,19,12.39,1,46,2,0,0,406.59,Medium,50
U036,S0705,7,3.81,3,5,9,0,1,294.26,High,20
U099,S0706,3,77.39,4,43,0,1,0,105.46,Medium,50
U100,S0707,15,73.24,2,48,3,0,0,118.44,Low,85
U067,S0708,14,66.06,3,34,3,1,0,314.05,Medium,50
U063,S0709,11,28.6,1,40,0,0,1,414.99,Medium,50
U081,S0710,15,47.52,3,11,8,0,1,207.87,High,20
U031,S0711,13,71.74,0,3,2,0,1,129.22,Low,85
U036,S0712,18,60.12,0,33,4,1,1,433.52,High,20
U057,S0713,6,118.55,4,11,5,1,0,334.67,Medium,50
U010,S0714,3,17.24,4,16,7,0,0,224.1,Medium,50
U092,S0715,19,83.72,2,18,5,1,0,244.0,Low,85
U037,S0716,15,49.11,3,30,2,0,1,102.21,Medium,50
U031,S0717,5,51.96,0,48,5,1,0,313.44,Low,85
U035,S0718,10,86.39,4,10,0,1,1,179.44,Medium,50
U043,S0719,7,83.4,3,18,3,0,1,497.82,High,20
U041,S0720,17,118.96,4,38,5,0,1,240.14,Medium,50
U070,S0721,7,16.28,4,19,6,0,1,242.99,High,20
U011,S0722,12,13.39,0,36,9,0,1,282.97,Medium,50
U018,S0723,17,87.2,0,13,2,0,0,458.39,Medium,50
U020,S0724,13,69.83,4,46,8,1,1,400.43,High,20
U030,S0725,4,33.63,1,3,6,1,1,225.62,Medium,50
U050,S0726,10,10.45,4,10,0,0,0,359.38,Low,85
U089,S0727,3,11.19,4,38,1,0,1,293.16,Medium,50
U020,S0728,9,107.41,2,1,0,0,1,246.23,Low,85
U091,S0729,13,23.83,2,27,8,1,0,96.24,Medium,50
U028,S0730,18,39.48,2,46,8,0,0,232.02,Medium,50
U009,S0731,15,27.97,1,8,6,0,0,122.98,Low,85
U054,S0732,4,43.24,1,46,9,1,1,457.43,High,20
U053,S0733,15,9.26,4,42,2,1,0,167.77,Medium,50
U043,S0734,2,62.77,2,17,4,1,0,476.14,Medium,50
U070,S0735,15,9.05,1,9,3,1,0,266.57,Low,85
U060,S0736,8,96.24,0,6,6,0,1,315.81,Medium,50
U054,S0737,8,28.81,4,43,8,1,0,271.52,High,20
U008,S0738,17,65.26,3,25,1,1,1,64.78,High,20
U027,S0739,12,105.73,4,39,7,0,1,187.97,High,20
U054,S0740,19,78.45,3,49,8,0,0,49.66,High,20
U050,S0741,10,64.42,2,28,9,0,1,311.51,Medium,50
U099,S0742,9,39.6,3,33,9,1,1,223.49,High,20
U075,S0743,5,40.63,2,37,8,0,0,389.01,Low,85
U090,S0744,6,80.67,0,9,9,1,1,110.31,Medium,50
U003,S0745,2,119.3,3,18,6,1,0,82.37,High,20
U098,S0746,13,79.76,4,21,8,1,1,203.23,High,20
U074,S0747,6,67.38,2,2,8,0,1,463.3,High,20
U049,S0748,5,87.95,4,43,2,1,0,355.24,Medium,50
U062,S0749,1,56.36,1,38,3,0,0,209.52,Low,85
U001,S0750,6,8.16,2,40,1,0,1,258.68,Low,85
U046,S0751,6,67.91,3,36,9,0,1,42.2,High,20
U039,S0752,16,114.96,2,43,2,1,0,492.29,Medium,50
U097,S0753,4,21.86,4,37,4,1,1,333.24,Medium,50
U050,S0754,11,83.11,0,15,4,1,1,142.77,Low,85
U054,S0755,9,24.91,2,28,5,0,1,292.95,Low,85
U069,S0756,3,64.76,3,18,6,1,1,54.83,High,20
U096,S0757,19,12.5,1,34,6,1,0,482.92,High,20
U095,S0758,8,54.59,0,22,0,1,0,87.48,Low,85
U070,S0759,5,90.98,1,11,1,1,0,324.05,Low,85
U078,S0760,4,42.36,2,13,8,1,0,122.8,Medium,50
U029,S0761,6,80.12,4,4,9,0,0,358.81,Medium,50
U063,S0762,2,95.66,4,22,1,0,0,388.43,Low,85
U029,S0763,11,111.33,3,7,5,0,1,336.74,Medium,50
U035,S0764,4,28.92,4,43,0,0,0,307.29,Low,85
U056,S0765,15,48.52,0,24,2,1,1,446.25,Medium,50
U063,S0766,6,19.14,4,4,1,0,1,39.41,Medium,50
U004,S0767,17,119.11,3,28,2,1,1,165.52,High,20
U050,S0768,6,111.31,2,15,4,0,0,124.22,Low,85
U044,S0769,19,65.25,2,1,9,0,1,494.01,High,20
U086,S0770,2,101.2,4,3,5,0,0,194.76,Low,85
U087,S0771,15,62.99,1,14,8,1,1,366.33,Medium,50
U052,S0772,11,75.21,2,38,9,1,1,342.39,Medium,50
U093,S0773,8,11.61,4,1,3,0,0,106.12,Low,85
U022,S0774,19,90.88,3,38,6,1,1,119.57,High,20
U060,S0775,13,16.2,4,38,5,0,1,140.71,Medium,50
U017,S0776,12,99.3,2,21,1,0,1,205.62,Low,85
U080,S0777,5,94.06,3,48,9,0,1,117.24,High,20
U069,S0778,6,85.34,4,29,7,1,0,9.92,High,20
U004,S0779,4,5.3,0,5,6,0,1,439.71,High,20
U051,S0780,19,37.07,3,49,6,0,1,482.81,High,20
U076,S0781,1,32.31,0,10,7,0,0,170.85,Low,85
U073,S0782,17,43.86,1,28,0,1,1,169.32,Medium,50
U085,S0783,12,11.43,3,21,0,0,1,3.65,Medium,50
U004,S0784,15,112.5,0,7,7,1,1,340.16,Medium,50
U011,S0785,1,66.9,2,3,3,0,1,412.74,Medium,50
U083,S0786,14,37.36,2,45,4,1,0,73.39,Low,85
U055,S0787,6,48.24,1,47,7,0,1,79.92,Medium,50
U018,S0788,5,54.22,3,20,4,0,0,395.06,Low,85
U060,S0789,11,72.47,3,19,9,1,1,308.18,High,20
U024,S0790,4,62.37,3,35,3,1,1,22.53,Medium,50
U007,S0791,13,110.41,1,4,5,0,1,311.31,Low,85
U034,S0792,11,60.14,3,5,4,1,0,154.53,Medium,50
U049,S0793,3,119.07,2,1,6,0,1,184.43,Medium,50
U042,S0794,1,102.32,0,4,9,0,1,384.89,Medium,50
U028,S0795,6,25.81,2,12,6,0,0,405.49,Medium,50
U059,S0796,18,111.74,2,27,3,1,0,200.24,Low,85
U042,S0797,10,14.85,0,42,4,0,0,473.58,Low,85
U044,S0798,5,98.28,2,23,2,1,0,203.29,Low,85
U098,S0799,10,46.29,1,25,3,0,1,385.94,Low,85
U049,S0800,12,105.48,0,21,3,1,1,241.99,Low,85
U036,S0801,2,104.3,2,24,2,1,1,448.78,Medium,50
U097,S0802,13,96.91,4,25,9,0,1,453.89,High,20
U054,S0803,8,95.01,2,45,4,1,0,43.8,Low,85
U033,S0804,2,37.26,1,46,4,0,1,468.25,Medium,50
U011,S0805,1,10.63,3,32,6,0,1,412.78,High,20
U061,S0806,5,48.95,2,32,3,0,1,395.68,Low,85
U003,S0807,9,21.65,3,5,3,0,1,100.54,Medium,50
U096,S0808,17,83.7,4,36,8,0,0,402.58,High,20
U070,S0809,9,42.19,2,46,5,1,1,425.08,Medium,50
U007,S0810,11,117.1,0,42,3,0,1,144.65,Low,85
U045,S0811,15,77.28,3,49,1,1,1,476.13,High,20
U029,S0812,6,98.88,4,42,5,1,0,25.03,Medium,50
U084,S0813,3,16.77,0,39,1,0,0,75.04,Low,85
U009,S0814,17,103.58,0,16,4,1,1,268.84,Medium,50
U100,S0815,5,110.81,0,33,5,0,1,287.94,Low,85
U084,S0816,12,58.96,0,49,3,1,1,322.61,Low,85
U006,S0817,18,73.14,2,21,2,1,0,8.58,Low,85
U097,S0818,14,92.01,2,9,6,1,1,480.19,High,20
U004,S0819,11,21.81,2,6,1,0,1,22.39,Low,85
U032,S0820,9,60.81,4,45,5,1,1,71.62,Medium,50
U026,S0821,2,48.44,4,35,3,0,0,7.11,Low,85
U003,S0822,12,18.42,4,39,5,1,1,283.47,Medium,50
U080,S0823,3,44.74,1,22,3,1,1,466.14,Medium,50
U020,S0824,3,9.11,4,41,3,1,0,333.01,Medium,50
U031,S0825,1,4.07,2,5,3,1,0,411.35,Medium,50
U017,S0826,8,17.08,2,42,8,0,1,6.74,Medium,50
U061,S0827,8,115.61,1,23,6,0,0,271.05,Low,85
U086,S0828,11,66.39,1,17,2,1,1,229.84,Low,85
U015,S0829,9,115.93,4,12,2,1,0,249.53,Medium,50
U073,S0830,5,52.47,3,23,5,0,0,36.2,Low,85
U028,S0831,14,38.11,1,16,5,0,1,342.25,Low,85
U060,S0832,3,61.23,0,3,3,0,1,251.66,Low,85
U090,S0833,5,53.3,2,30,8,0,1,382.6,Medium,50
U033,S0834,5,13.57,0,22,3,1,0,242.7,Low,85
U099,S0835,19,77.26,2,9,8,1,1,74.78,High,20
U048,S0836,14,26.71,2,29,3,0,1,324.16,Low,85
U022,S0837,4,74.73,1,47,1,0,1,86.28,Low,85
U078,S0838,13,78.37,1,37,1,0,1,436.21,Medium,50
U078,S0839,10,19.09,0,23,4,0,1,306.6,Low,85
U096,S0840,18,8.3,2,13,3,0,0,78.69,Low,85
U092,S0841,8,93.91,0,32,6,0,1,481.17,High,20
U015,S0842,8,55.72,3,46,4,1,1,259.23,Medium,50
U100,S0843,7,7.92,0,47,5,1,0,36.54,Low,85
U021,S0844,8,119.39,4,48,9,1,1,313.45,High,20
U040,S0845,14,7.88,0,23,3,0,1,126.67,Low,85
U014,S0846,19,83.71,4,45,1,0,1,401.87,High,20
U075,S0847,6,118.06,4,17,9,0,1,408.93,High,20
U004,S0848,1,29.46,4,40,8,1,1,489.48,High,20
U040,S0849,15,17.93,3,21,9,0,0,250.98,Medium,50
U074,S0850,1,15.44,0,2,6,0,0,227.53,Low,85
U087,S0851,17,37.09,0,37,3,1,0,376.76,Low,85
U049,S0852,1,13.02,3,6,2,0,1,66.32,Medium,50
U051,S0853,15,83.37,2,44,9,1,0,273.5,Medium,50
U092,S0854,2,8.41,1,18,2,1,1,273.17,Low,85
U026,S0855,14,61.62,0,30,8,0,1,44.83,Medium,50
U010,S0856,8,119.61,1,22,4,1,1,209.05,Low,85
U076,S0857,8,97.86,3,33,2,0,0,426.66,Medium,50
U089,S0858,19,74.21,2,30,4,1,0,428.09,Medium,50
U081,S0859,7,37.44,2,17,1,0,0,49.71,Low,85
U032,S0860,19,75.24,2,43,3,1,1,45.45,Medium,50
U014,S0861,6,63.72,3,32,9,0,0,131.42,Medium,50
U090,S0862,6,51.7,4,42,1,1,1,437.4,High,20
U099,S0863,3,16.55,4,14,1,1,0,64.54,Medium,50
U039,S0864,7,106.51,1,10,7,1,0,360.03,Medium,50
U088,S0865,19,54.52,4,47,0,0,1,50.67,Medium,50
U077,S0866,8,24.16,4,36,6,0,1,311.61,High,20
U016,S0867,10,44.76,2,34,4,1,0,178.1,Low,85
U073,S0868,15,50.28,2,9,7,0,0,394.48,Low,85
U006,S0869,15,99.48,1,42,0,1,0,116.92,Low,85
U045,S0870,1,88.3,0,28,6,0,1,319.64,Medium,50
U069,S0871,7,92.55,1,11,4,1,1,117.92,Low,85
U055,S0872,4,2.31,1,14,3,0,0,356.86,Low,85
U085,S0873,6,50.52,3,39,6,1,0,436.85,High,20
U048,S0874,1,58.28,3,47,9,1,1,63.49,High,20
U009,S0875,5,3.28,1,19,1,1,0,433.31,Medium,50
U065,S0876,1,31.92,1,15,0,1,1,296.83,Low,85
U083,S0877,4,91.47,1,28,0,0,1,63.64,Low,85
U044,S0878,2,17.32,4,24,0,1,1,213.83,Medium,50
U002,S0879,10,64.7,3,8,4,0,1,80.51,Medium,50
U054,S0880,5,26.61,1,43,9,0,1,350.2,Medium,50
U063,S0881,10,2.44,2,9,6,1,1,379.46,Medium,50
U014,S0882,1,29.7,2,47,1,0,0,52.99,Low,85
U056,S0883,6,117.13,4,33,9,0,1,253.12,High,20
U047,S0884,13,96.38,4,33,7,0,1,407.33,High,20
U082,S0885,15,115.19,0,19,3,1,0,468.09,Medium,50
U059,S0886,4,59.05,0,3,2,0,1,256.81,Low,85
U091,S0887,13,14.06,0,10,9,0,0,475.14,Medium,50
U020,S0888,15,66.21,4,40,7,1,1,267.89,High,20
U056,S0889,8,55.07,4,47,1,1,0,197.16,Medium,50
U023,S0890,5,101.48,4,42,2,0,0,424.12,Medium,50
U094,S0891,15,12.67,2,1,2,1,1,246.54,Low,85
U067,S0892,4,59.1,4,29,9,0,1,236.0,High,20
U084,S0893,12,18.86,2,34,0,0,1,245.21,Low,85
U035,S0894,13,39.64,0,13,5,0,1,423.41,Medium,50
U079,S0895,2,88.75,0,1,1,1,0,415.99,Medium,50
U069,S0896,19,57.65,0,34,0,0,0,201.82,Low,85
U100,S0897,19,45.73,1,29,1,1,0,166.72,Low,85
U062,S0898,4,47.94,1,48,5,1,1,246.01,Low,85
U060,S0899,4,55.67,3,47,3,0,0,286.43,Low,85
U056,S0900,11,94.42,3,13,5,1,1,119.24,Medium,50
U094,S0901,5,107.16,3,48,8,1,1,397.0,High,20
U076,S0902,11,114.68,1,49,9,1,0,243.29,Medium,50
U035,S0903,10,94.64,1,29,9,1,1,167.09,Medium,50
U042,S0904,8,38.53,3,39,7,1,0,53.5,High,20
U032,S0905,6,82.89,3,24,0,0,1,119.5,Medium,50
U012,S0906,6,53.07,4,26,7,1,0,474.65,High,20
U036,S0907,8,31.31,3,17,8,0,1,152.62,High,20
U058,S0908,15,101.06,4,7,5,0,0,84.51,Low,85
U032,S0909,14,5.57,2,13,9,0,0,230.39,Low,85
U097,S0910,11,108.31,1,5,4,0,1,153.61,Low,85
U060,S0911,12,55.92,3,26,5,0,1,17.68,Medium,50
U073,S0912,13,76.83,1,49,5,0,0,161.64,Low,85
U079,S0913,8,79.46,1,3,8,1,1,272.1,Medium,50
U086,S0914,18,107.52,1,7,3,1,1,275.9,Medium,50
U049,S0915,1,76.76,2,49,1,1,1,178.34,Low,85
U044,S0916,15,74.06,0,39,8,0,0,223.71,Low,85
U004,S0917,8,8.93,3,1,1,1,0,482.76,High,20
U064,S0918,11,62.69,0,49,9,1,1,188.74,Medium,50
U042,S0919,12,18.87,0,17,8,1,1,129.19,Medium,50
U024,S0920,12,88.75,0,43,1,0,0,121.81,Low,85
U063,S0921,4,61.95,1,25,7,1,1,228.94,Medium,50
U028,S0922,16,81.95,4,3,8,0,0,379.78,High,20
U046,S0923,4,5.96,1,15,9,1,1,103.07,Medium,50
U034,S0924,5,11.09,1,29,8,0,1,354.68,Medium,50
U044,S0925,5,86.24,0,43,9,0,1,10.67,Medium,50
U036,S0926,8,9.58,1,32,8,0,0,209.52,Low,85
U077,S0927,10,9.48,0,26,1,1,0,387.95,Low,85
U090,S0928,17,2.44,4,16,3,1,0,169.43,Medium,50
U036,S0929,9,114.82,3,25,6,0,0,281.91,Medium,50
U072,S0930,19,88.76,0,28,1,1,1,102.57,Medium,50
U002,S0931,14,43.04,4,9,0,0,1,371.02,Medium,50
U067,S0932,8,36.29,3,1,2,0,0,26.23,Low,85
U025,S0933,9,42.61,2,29,3,1,1,426.29,Medium,50
U011,S0934,11,93.18,0,22,7,1,1,99.18,Medium,50
U031,S0935,1,79.7,0,16,5,1,0,437.21,Medium,50
U093,S0936,14,23.04,2,41,1,0,1,176.33,Low,85
U053,S0937,5,21.72,2,44,8,0,1,361.37,Medium,50
U063,S0938,14,12.71,0,41,1,1,0,159.68,Low,85
U072,S0939,4,79.58,2,7,4,0,1,452.97,Medium,50
U098,S0940,1,91.96,1,14,3,1,1,63.41,Low,85
U031,S0941,19,32.54,3,29,6,0,1,89.34,High,20
U089,S0942,8,3.49,3,19,7,1,0,246.57,High,20
U061,S0943,15,10.78,3,19,4,1,0,41.06,Medium,50
U083,S0944,15,116.18,1,2,9,0,1,98.07,Medium,50
U092,S0945,9,36.16,2,41,4,1,1,471.89,Medium,50
U063,S0946,9,92.54,4,45,1,1,1,488.25,High,20
U058,S0947,10,75.33,2,15,7,0,0,188.19,Low,85
U003,S0948,9,46.45,0,3,1,1,0,461.65,Medium,50
U012,S0949,3,25.48,3,11,9,0,0,272.46,Medium,50
U038,S0950,11,15.44,2,46,5,1,1,134.94,Low,85
U029,S0951,6,74.19,4,30,7,0,1,351.23,High,20
U052,S0952,2,93.18,0,40,5,1,1,329.49,Low,85
U089,S0953,7,77.62,1,18,3,1,1,494.56,Medium,50
U032,S0954,18,64.11,1,48,3,1,1,132.6,Medium,50
U040,S0955,2,5.99,4,2,5,1,0,336.06,Medium,50
U085,S0956,17,116.25,0,32,3,0,1,26.11,Low,85
U075,S0957,11,96.05,3,8,7,0,1,56.91,High,20
U048,S0958,12,35.85,2,22,8,0,1,2.06,Medium,50
U061,S0959,19,117.62,0,6,0,0,0,499.73,Medium,50
U071,S0960,7,72.62,1,12,3,0,1,401.16,Medium,50
U068,S0961,6,70.31,4,47,3,0,0,393.38,Low,85
U045,S0962,1,90.02,4,40,1,0,0,254.91,Low,85
U055,S0963,17,97.6,2,36,5,1,0,150.1,Low,85
U096,S0964,11,79.12,4,15,2,1,0,75.72,Medium,50
U071,S0965,18,16.24,4,28,6,1,0,142.41,High,20
U043,S0966,17,41.25,0,49,4,1,1,188.05,Medium,50
U046,S0967,7,111.44,3,45,3,0,1,378.18,Medium,50
U090,S0968,17,27.73,2,18,4,0,0,269.88,Low,85
U059,S0969,9,45.29,0,2,7,0,0,38.83,Low,85
U035,S0970,17,52.42,3,13,2,1,0,9.11,Medium,50
U040,S0971,8,53.29,0,45,6,0,1,51.26,Medium,50
U033,S0972,17,73.94,0,15,5,1,1,205.31,Medium,50
U030,S0973,7,113.23,4,20,0,0,0,466.6,Medium,50
U016,S0974,1,29.64,3,29,6,0,1,318.74,High,20
U093,S0975,13,15.46,2,42,6,0,1,400.93,High,20
U025,S0976,19,24.5,2,29,0,0,0,233.24,Low,85
U041,S0977,19,106.54,3,3,8,1,0,180.9,High,20
U016,S0978,17,77.85,4,19,5,1,1,54.29,High,20
U096,S0979,13,35.02,1,3,1,0,1,437.98,Medium,50
U069,S0980,16,98.1,0,14,4,1,1,391.6,Medium,50
U098,S0981,8,103.5,4,40,3,0,0,84.14,Low,85
U089,S0982,19,101.74,3,4,6,0,0,256.18,High,20
U024,S0983,18,110.35,0,11,7,0,0,243.74,Medium,50
U025,S0984,1,31.02,2,31,0,0,1,312.58,Low,85
U028,S0985,14,90.85,1,43,4,1,1,473.1,Medium,50
U095,S0986,19,55.8,2,32,2,0,0,289.93,Low,85
U062,S0987,15,101.2,3,27,0,0,1,270.15,Medium,50
U036,S0988,18,87.69,0,30,2,1,0,25.26,Low,85
U093,S0989,2,93.4,3,43,5,0,1,31.55,Medium,50
U076,S0990,17,79.08,0,2,6,1,0,93.75,Medium,50
U098,S0991,18,22.11,4,49,7,0,1,16.33,High,20
U068,S0992,6,65.86,1,9,3,0,1,371.7,Low,85
U077,S0993,19,118.18,4,28,2,0,0,361.69,Medium,50
U037,S0994,4,112.55,4,31,4,0,0,68.11,Low,85
U013,S0995,1,6.14,3,34,8,0,0,418.06,High,20
U025,S0996,8,20.61,1,15,5,0,0,77.48,Low,85
U038,S0997,7,16.68,0,48,8,1,0,150.66,Medium,50
U030,S0998,3,87.39,0,25,5,0,1,124.56,Low,85
U047,S0999,10,98.32,2,36,1,1,0,186.22,Low,85
